age_months,weight_lb,height_ft
24,27.875672,2.836358268
48,35.896894,3.363205381
72,45.71094,3.79464895
96,56.655654,4.203533465
120,70.593578,4.554573491
144,89.483768,4.898582677
168,112.708112,5.385229659
192,134.409814,5.695869423
216,148.037846,5.780347769
240,155.314742,5.802139108